{"Diameter": 10, "Density": 0.03677221654749745, "Bridges": [[11, 53], [7, 18], [7, 89], [26, 12], [14, 5], [30, 41], [30, 81], [30, 88], [30, 21], [56, 59], [17, 43], [15, 3], [9, 22], [8, 46], [43, 36], [82, 28], [39, 40], [6, 86], [46, 60], [10, 20], [2, 52], [4, 36], [5, 84]], "Degree Centrality": {"69": 0.07954545454545454, "74": 0.03409090909090909, "87": 0.022727272727272728, "11": 0.06818181818181818, "63": 0.07954545454545454, "80": 0.06818181818181818, "78": 0.022727272727272728, "48": 0.022727272727272728, "7": 0.022727272727272728, "18": 0.05681818181818182, "89": 0.011363636363636364, "76": 0.05681818181818182, "70": 0.06818181818181818, "26": 0.07954545454545454, "71": 0.045454545454545456, "14": 0.03409090909090909, "73": 0.05681818181818182, "23": 0.045454545454545456, "65": 0.03409090909090909, "30": 0.11363636363636365, "56": 0.045454545454545456, "72": 0.03409090909090909, "75": 0.022727272727272728, "49": 0.03409090909090909, "13": 0.022727272727272728, "17": 0.045454545454545456, "15": 0.03409090909090909, "9": 0.045454545454545456, "8": 0.10227272727272728, "43": 0.022727272727272728, "37": 0.045454545454545456, "27": 0.03409090909090909, "42": 0.03409090909090909, "35": 0.10227272727272728, "50": 0.03409090909090909, "82": 0.011363636363636364, "28": 0.03409090909090909, "77": 0.045454545454545456, "64": 0.022727272727272728, "51": 0.045454545454545456, "39": 0.05681818181818182, "79": 0.05681818181818182, "83": 0.03409090909090909, "38": 0.022727272727272728, "3": 0.011363636363636364, "61": 0.06818181818181818, "6": 0.011363636363636364, "86": 0.03409090909090909, "54": 0.022727272727272728, "19": 0.03409090909090909, "53": 0.011363636363636364, "31": 0.03409090909090909, "34": 0.03409090909090909, "46": 0.022727272727272728, "60": 0.011363636363636364, "10": 0.03409090909090909, "44": 0.022727272727272728, "20": 0.011363636363636364, "12": 0.011363636363636364, "57": 0.05681818181818182, "16": 0.045454545454545456, "32": 0.03409090909090909, "66": 0.06818181818181818, "33": 0.07954545454545454, "2": 0.011363636363636364, "52": 0.03409090909090909, "45": 0.022727272727272728, "1": 0.05681818181818182, "55": 0.06818181818181818, "41": 0.011363636363636364, "94": 0.022727272727272728, "81": 0.011363636363636364, "88": 0.011363636363636364, "21": 0.011363636363636364, "93": 0.022727272727272728, "47": 0.045454545454545456, "67": 0.022727272727272728, "59": 0.011363636363636364, "62": 0.03409090909090909, "68": 0.03409090909090909, "22": 0.011363636363636364, "4": 0.011363636363636364, "36": 0.022727272727272728, "90": 0.03409090909090909, "24": 0.022727272727272728, "25": 0.022727272727272728, "5": 0.022727272727272728, "84": 0.011363636363636364, "40": 0.011363636363636364}}